{
    "ds": "./ds.h5",
    "fit_results": {
        "q1": {
            "resonator_frequency": 7015628054.0,
            "min_offset": 0.05593949094279438,
            "offset": -19.583003176240112,
            "dv_phi0": 39.27788533436581,
            "m_pH": 0.002632524615818132
        },
        "q2": {
            "resonator_frequency": 7081962141.0,
            "min_offset": -0.11548854191773383,
            "offset": 0.34438654875228436,
            "dv_phi0": 0.9197501813400364,
            "m_pH": 0.11242183159926171
        }
    },
    "figure": "./figure.png",
    "initial_parameters": {
        "qubits": null,
        "num_averages": 1,
        "min_flux_offset_in_v": -0.5,
        "max_flux_offset_in_v": 0.5,
        "num_flux_points": 201,
        "frequency_span_in_mhz": 15,
        "frequency_step_in_mhz": 0.1,
        "flux_point_joint_or_independent": "independent",
        "input_line_impedance_in_ohm": 50,
        "line_attenuation_in_db": 0,
        "update_flux_min": true,
        "simulate": false,
        "timeout": 100
    }
}