{
    "ds_raw": "./ds_raw.h5",
    "ds_fit": "./ds_fit.h5",
    "fit_results": {
        "qC1": {
            "frequency": 4949282605.083788,
            "fwhm": 3829819.618753405,
            "iw_angle": 6.029424198022994,
            "saturation_amp": 0.10317730942289553,
            "x180_amp": 0.33764695552096824,
            "success": true
        },
        "qC2": {
            "frequency": 5754668550.679531,
            "fwhm": 2241335.237341289,
            "iw_angle": 2.7659116708533773,
            "saturation_amp": 0.12458098851893093,
            "x180_amp": 0.4076903315708623,
            "success": true
        }
    },
    "figures": {
        "amplitude": "./figures.amplitude.png"
    }
}