{
    "modes": {
        "1": {
            "octave_name": "oct1",
            "octave_channel": 1
        }
    },
    "lo_modes": {
        "1": {
            "mode_id": 1,
            "lo_freq": 3000000000.0,
            "gain": 0.0,
            "latest": 1
        }
    },
    "lo_cal": {
        "1": {
            "i0": 0.006673921604317026,
            "q0": 0.004113698358598042,
            "dc_gain": -0.011474800536732777,
            "dc_phase": -0.03341129173947774,
            "temperature": 56.0,
            "timestamp": 1752087197.3272836,
            "method": "auto"
        }
    },
    "if_modes": {
        "1": {
            "lo_mode_id": 1,
            "if_freq": 300000000.0,
            "latest": 1
        }
    },
    "if_cal": {
        "1": {
            "gain": -0.048557575004673344,
            "phase": -0.19017228654022897,
            "temperature": 56.0,
            "timestamp": 1752087197.3302925,
            "method": "auto"
        }
    }
}