{
    "modes": {
        "1": {
            "octave_name": "oct1",
            "octave_channel": 1
        }
    },
    "lo_modes": {
        "1": {
            "mode_id": 1,
            "lo_freq": 3000000000.0,
            "gain": 0.0,
            "latest": 3
        },
        "2": {
            "mode_id": 1,
            "lo_freq": 2000000000.0,
            "gain": 0.0,
            "latest": 9
        }
    },
    "lo_cal": {
        "1": {
            "i0": 0.006673921604317026,
            "q0": 0.004113698358598042,
            "dc_gain": -0.011474800536732777,
            "dc_phase": -0.03341129173947774,
            "temperature": 56.0,
            "timestamp": 1752087197.3272836,
            "method": "auto"
        },
        "2": {
            "i0": 0.016299868419937826,
            "q0": 0.00041216829015769353,
            "dc_gain": 0.00796237723654003,
            "dc_phase": -0.07428303004759797,
            "temperature": 38.5,
            "timestamp": 1752114831.3263817,
            "method": "auto"
        },
        "3": {
            "i0": 0.016156154217340117,
            "q0": 0.00034988567598415806,
            "dc_gain": 0.008385682627572999,
            "dc_phase": -0.07393148016890133,
            "temperature": 40.4375,
            "timestamp": 1752115232.3455505,
            "method": "auto"
        },
        "4": {
            "i0": -0.01854639879013426,
            "q0": 0.0049891155592710085,
            "dc_gain": 0.057695679397717026,
            "dc_phase": -0.003439894528212183,
            "temperature": 56.5625,
            "timestamp": 1752119240.8881366,
            "method": "auto"
        },
        "5": {
            "i0": -0.01832726163078916,
            "q0": 0.005108272352132707,
            "dc_gain": 0.05748655460601104,
            "dc_phase": -0.003289594191006265,
            "temperature": 56.6875,
            "timestamp": 1752119810.4567857,
            "method": "auto"
        },
        "6": {
            "i0": -0.0182549916463628,
            "q0": 0.00524751024594067,
            "dc_gain": 0.05843899213828174,
            "dc_phase": -0.00383880343648756,
            "temperature": 56.0625,
            "timestamp": 1752131712.192741,
            "method": "auto"
        },
        "7": {
            "i0": -0.02120181621209303,
            "q0": 0.005970119768639808,
            "dc_gain": 0.0630958784920217,
            "dc_phase": 0.00025986830515314,
            "temperature": 40.4375,
            "timestamp": 1752142465.9271975,
            "method": "auto"
        },
        "8": {
            "i0": -0.02012681639249413,
            "q0": 0.0059260987362149235,
            "dc_gain": 0.06245615760986034,
            "dc_phase": -0.0017118184292451767,
            "temperature": 43.9375,
            "timestamp": 1752221397.1031885,
            "method": "auto"
        },
        "9": {
            "i0": -0.018368431749325505,
            "q0": 0.0054167297003106145,
            "dc_gain": 0.059719053802241184,
            "dc_phase": -0.004488741111616993,
            "temperature": 54.0,
            "timestamp": 1752221576.8405788,
            "method": "auto"
        }
    },
    "if_modes": {
        "1": {
            "lo_mode_id": 1,
            "if_freq": 300000000.0,
            "latest": 3
        },
        "2": {
            "lo_mode_id": 2,
            "if_freq": -300000000.0,
            "latest": 9
        },
        "3": {
            "lo_mode_id": 2,
            "if_freq": -350000000.0,
            "latest": 6
        }
    },
    "if_cal": {
        "1": {
            "gain": -0.048557575004673344,
            "phase": -0.19017228654022897,
            "temperature": 56.0,
            "timestamp": 1752087197.3302925,
            "method": "auto"
        },
        "2": {
            "gain": -0.01211592075384645,
            "phase": -0.07722545918824786,
            "temperature": 38.5,
            "timestamp": 1752114831.3515136,
            "method": "auto"
        },
        "3": {
            "gain": -0.011274128884745523,
            "phase": -0.09537683038323302,
            "temperature": 40.4375,
            "timestamp": 1752115232.365119,
            "method": "auto"
        },
        "4": {
            "gain": 0.10050850739922884,
            "phase": -0.02699639911850677,
            "temperature": 56.5625,
            "timestamp": 1752119240.8993623,
            "method": "auto"
        },
        "5": {
            "gain": 0.10118823163364289,
            "phase": -0.026803589145577542,
            "temperature": 56.6875,
            "timestamp": 1752119810.4926586,
            "method": "auto"
        },
        "6": {
            "gain": 0.09630201482540406,
            "phase": -0.05831952024464657,
            "temperature": 56.0625,
            "timestamp": 1752131712.2157788,
            "method": "auto"
        },
        "7": {
            "gain": 0.10932850731101104,
            "phase": -0.003858297147961059,
            "temperature": 40.4375,
            "timestamp": 1752142465.9490442,
            "method": "auto"
        },
        "8": {
            "gain": 0.10731137573013101,
            "phase": 0.006351025893878644,
            "temperature": 43.9375,
            "timestamp": 1752221397.117889,
            "method": "auto"
        },
        "9": {
            "gain": 0.1016135375520991,
            "phase": -0.005531123777423987,
            "temperature": 54.0,
            "timestamp": 1752221576.8556259,
            "method": "auto"
        }
    }
}