{
    "modes": {
        "1": {
            "octave_name": "octave1",
            "octave_channel": 1
        }
    },
    "lo_modes": {
        "1": {
            "mode_id": 1,
            "lo_freq": 6000000000.0,
            "gain": 0.0,
            "latest": 4
        }
    },
    "lo_cal": {
        "1": {
            "i0": -0.015746204869694365,
            "q0": 0.006694909083361054,
            "lo_mode_id": 1,
            "dc_gain": 0.00047048644327385425,
            "dc_phase": 0.01147786633564351,
            "temperature": 58.875,
            "timestamp": 1729602852.768804,
            "method": "auto"
        },
        "2": {
            "i0": -0.015738602696452497,
            "q0": 0.0067178240720852,
            "lo_mode_id": 1,
            "dc_gain": 0.00040534449052498367,
            "dc_phase": 0.011461923065184176,
            "temperature": 58.9375,
            "timestamp": 1729603134.1564229,
            "method": "auto"
        },
        "3": {
            "i0": -0.015737588615641816,
            "q0": 0.006738277463661244,
            "lo_mode_id": 1,
            "dc_gain": 0.0004399886067572023,
            "dc_phase": 0.011516928142230634,
            "temperature": 58.875,
            "timestamp": 1729603430.7563672,
            "method": "auto"
        },
        "4": {
            "i0": -0.01573151839463307,
            "q0": 0.006777753159698275,
            "lo_mode_id": 1,
            "dc_gain": 0.0004425189280705677,
            "dc_phase": 0.011583405157750033,
            "temperature": 58.8125,
            "timestamp": 1729605861.023456,
            "method": "auto"
        }
    },
    "if_modes": {
        "1": {
            "lo_mode_id": 1,
            "if_freq": 100000000.0,
            "latest": 4
        },
        "2": {
            "lo_mode_id": 1,
            "if_freq": 5000000.0,
            "latest": 3
        }
    },
    "if_cal": {
        "1": {
            "if_mode_id": 1,
            "gain": 0.0016862246798838244,
            "phase": 0.01079948925279096,
            "temperature": 58.875,
            "timestamp": 1729602852.770354,
            "method": "auto"
        },
        "2": {
            "if_mode_id": 2,
            "gain": 0.001705281424716532,
            "phase": 0.010133660778203473,
            "temperature": 58.9375,
            "timestamp": 1729603134.159702,
            "method": "auto"
        },
        "3": {
            "if_mode_id": 2,
            "gain": 0.0016239262530671106,
            "phase": 0.010160570773399729,
            "temperature": 58.875,
            "timestamp": 1729603430.7584808,
            "method": "auto"
        },
        "4": {
            "if_mode_id": 1,
            "gain": 0.0017848856187641057,
            "phase": 0.011092705048179718,
            "temperature": 58.8125,
            "timestamp": 1729605861.02679,
            "method": "auto"
        }
    }
}