{
    "modes": {
        "1": {
            "octave_name": "oct1",
            "octave_channel": 1
        }
    },
    "lo_modes": {
        "1": {
            "mode_id": 1,
            "lo_freq": 13000000000.0,
            "gain": 0.0,
            "latest": 2
        }
    },
    "lo_cal": {
        "1": {
            "i0": -0.014952005625879988,
            "q0": 0.022425254552536425,
            "dc_gain": -0.03907108886745525,
            "dc_phase": 0.07301936643106782,
            "temperature": 57.5,
            "timestamp": 1750657625.035231,
            "method": "auto"
        },
        "2": {
            "i0": -0.014959813575481323,
            "q0": 0.02242883268124346,
            "dc_gain": -0.039204486851924125,
            "dc_phase": 0.07280743348911911,
            "temperature": 57.5,
            "timestamp": 1750657686.5359278,
            "method": "auto"
        }
    },
    "if_modes": {
        "1": {
            "lo_mode_id": 1,
            "if_freq": 50000000.0,
            "latest": 2
        }
    },
    "if_cal": {
        "1": {
            "gain": -0.03597409090002982,
            "phase": 0.05904380649944999,
            "temperature": 57.5,
            "timestamp": 1750657625.0371075,
            "method": "auto"
        },
        "2": {
            "gain": -0.03574119923001733,
            "phase": 0.05876732507869291,
            "temperature": 57.5,
            "timestamp": 1750657686.5373173,
            "method": "auto"
        }
    }
}