{
    "modes": {
        "1": {
            "octave_name": "oct1",
            "octave_channel": 2
        },
        "2": {
            "octave_name": "oct1",
            "octave_channel": 3
        },
        "3": {
            "octave_name": "oct1",
            "octave_channel": 4
        },
        "4": {
            "octave_name": "oct1",
            "octave_channel": 1
        }
    },
    "lo_modes": {
        "1": {
            "mode_id": 1,
            "lo_freq": 5500000000.0,
            "gain": -12.0,
            "latest": 1
        },
        "2": {
            "mode_id": 2,
            "lo_freq": 5500000000.0,
            "gain": -12.0,
            "latest": 2
        },
        "3": {
            "mode_id": 3,
            "lo_freq": 6500000000.0,
            "gain": -12.0,
            "latest": 3
        },
        "4": {
            "mode_id": 4,
            "lo_freq": 8000000000.0,
            "gain": -12.0,
            "latest": 6
        }
    },
    "lo_cal": {
        "1": {
            "i0": 0.007303064134906853,
            "q0": 0.010102136753462398,
            "dc_gain": -0.00489819824384663,
            "dc_phase": -0.009991083491409517,
            "temperature": 45.6875,
            "timestamp": 1760727372.6881058,
            "method": "auto"
        },
        "2": {
            "i0": -0.005324437948331501,
            "q0": -0.00977932562871937,
            "dc_gain": 0.002383405218947088,
            "dc_phase": 0.04254551007714502,
            "temperature": 49.8125,
            "timestamp": 1760727419.4087565,
            "method": "auto"
        },
        "3": {
            "i0": 0.0044452224867529595,
            "q0": 0.025800085244948517,
            "dc_gain": -0.004873491114045447,
            "dc_phase": -0.0728468695617599,
            "temperature": 58.25,
            "timestamp": 1760727465.5485904,
            "method": "auto"
        },
        "4": {
            "i0": -0.014237336880723518,
            "q0": -0.010335046113241257,
            "dc_gain": -0.00460688009094945,
            "dc_phase": -0.016668719408479686,
            "temperature": 60.4375,
            "timestamp": 1760727511.422101,
            "method": "auto"
        },
        "5": {
            "i0": -0.014283684284061534,
            "q0": -0.01033888923341226,
            "dc_gain": -0.004720128629162046,
            "dc_phase": -0.01659286147345353,
            "temperature": 60.375,
            "timestamp": 1760727557.3261688,
            "method": "auto"
        },
        "6": {
            "i0": -0.014255814304418888,
            "q0": -0.01035307861027816,
            "dc_gain": -0.004659322686540457,
            "dc_phase": -0.01649127693508587,
            "temperature": 60.5,
            "timestamp": 1760727602.8189056,
            "method": "auto"
        }
    },
    "if_modes": {
        "1": {
            "lo_mode_id": 1,
            "if_freq": 100000000.0,
            "latest": 1
        },
        "2": {
            "lo_mode_id": 2,
            "if_freq": -200000000.0,
            "latest": 2
        },
        "3": {
            "lo_mode_id": 3,
            "if_freq": 300000000.0,
            "latest": 3
        },
        "4": {
            "lo_mode_id": 4,
            "if_freq": -200000000.0,
            "latest": 4
        },
        "5": {
            "lo_mode_id": 4,
            "if_freq": 100000000.0,
            "latest": 5
        },
        "6": {
            "lo_mode_id": 4,
            "if_freq": 400000000.0,
            "latest": 6
        }
    },
    "if_cal": {
        "1": {
            "gain": -0.0004609882061990523,
            "phase": -0.008661025991086391,
            "temperature": 45.6875,
            "timestamp": 1760727372.695102,
            "method": "auto"
        },
        "2": {
            "gain": -0.0009839751725070338,
            "phase": 0.09476925371512378,
            "temperature": 49.8125,
            "timestamp": 1760727419.4167802,
            "method": "auto"
        },
        "3": {
            "gain": 0.015269221478018976,
            "phase": -0.17050507663942782,
            "temperature": 58.25,
            "timestamp": 1760727465.5575879,
            "method": "auto"
        },
        "4": {
            "gain": 0.012028575330265648,
            "phase": -0.016083984930818696,
            "temperature": 60.4375,
            "timestamp": 1760727511.4290972,
            "method": "auto"
        },
        "5": {
            "gain": -0.00572758106942561,
            "phase": -0.018039440515779298,
            "temperature": 60.375,
            "timestamp": 1760727557.331415,
            "method": "auto"
        },
        "6": {
            "gain": -0.0023412179901083664,
            "phase": -0.028077934958240135,
            "temperature": 60.5,
            "timestamp": 1760727602.8264554,
            "method": "auto"
        }
    }
}