{
    "modes": {
        "1": {
            "octave_name": "octave1",
            "octave_channel": 1
        },
        "2": {
            "octave_name": "oct1",
            "octave_channel": 1
        }
    },
    "lo_modes": {
        "1": {
            "mode_id": 1,
            "lo_freq": 6000000000.0,
            "gain": 0.0,
            "latest": 8
        },
        "2": {
            "mode_id": 2,
            "lo_freq": 6000000000.0,
            "gain": 0.0,
            "latest": 9
        }
    },
    "lo_cal": {
        "1": {
            "i0": -0.015746204869694365,
            "q0": 0.006694909083361054,
            "lo_mode_id": 1,
            "dc_gain": 0.00047048644327385425,
            "dc_phase": 0.01147786633564351,
            "temperature": 58.875,
            "timestamp": 1729602852.768804,
            "method": "auto"
        },
        "2": {
            "i0": -0.015738602696452497,
            "q0": 0.0067178240720852,
            "lo_mode_id": 1,
            "dc_gain": 0.00040534449052498367,
            "dc_phase": 0.011461923065184176,
            "temperature": 58.9375,
            "timestamp": 1729603134.1564229,
            "method": "auto"
        },
        "3": {
            "i0": -0.015737588615641816,
            "q0": 0.006738277463661244,
            "lo_mode_id": 1,
            "dc_gain": 0.0004399886067572023,
            "dc_phase": 0.011516928142230634,
            "temperature": 58.875,
            "timestamp": 1729603430.7563672,
            "method": "auto"
        },
        "4": {
            "i0": -0.01573151839463307,
            "q0": 0.006777753159698275,
            "lo_mode_id": 1,
            "dc_gain": 0.0004425189280705677,
            "dc_phase": 0.011583405157750033,
            "temperature": 58.8125,
            "timestamp": 1729605861.023456,
            "method": "auto"
        },
        "5": {
            "i0": -0.015710553060158082,
            "q0": 0.006844618278469581,
            "lo_mode_id": 1,
            "dc_gain": 0.0003829825133796483,
            "dc_phase": 0.012309429753179975,
            "temperature": 58.625,
            "timestamp": 1729716541.4631622,
            "method": "auto"
        },
        "6": {
            "i0": -0.01569637555771689,
            "q0": 0.006842979492732286,
            "lo_mode_id": 1,
            "dc_gain": 0.0003682119965899844,
            "dc_phase": 0.012341684634185172,
            "temperature": 58.625,
            "timestamp": 1729716669.245384,
            "method": "auto"
        },
        "7": {
            "i0": -0.01571746485376848,
            "q0": 0.006833739423287544,
            "lo_mode_id": 1,
            "dc_gain": 0.00039158582400844466,
            "dc_phase": 0.012336781530673219,
            "temperature": 58.625,
            "timestamp": 1729716734.31389,
            "method": "auto"
        },
        "8": {
            "i0": -0.015710242377389296,
            "q0": 0.006830164596575333,
            "lo_mode_id": 1,
            "dc_gain": 0.0003720441776602357,
            "dc_phase": 0.012281048828606209,
            "temperature": 58.625,
            "timestamp": 1729716792.330625,
            "method": "auto"
        },
        "9": {
            "i0": -0.015670688305087183,
            "q0": 0.006687608725104582,
            "lo_mode_id": 2,
            "dc_gain": 0.00022752279702786815,
            "dc_phase": 0.012815914404765582,
            "temperature": 59.4375,
            "timestamp": 1730193374.248201,
            "method": "auto"
        }
    },
    "if_modes": {
        "1": {
            "lo_mode_id": 1,
            "if_freq": 100000000.0,
            "latest": 8
        },
        "2": {
            "lo_mode_id": 1,
            "if_freq": 5000000.0,
            "latest": 3
        },
        "3": {
            "lo_mode_id": 2,
            "if_freq": 50000000.0,
            "latest": 9
        }
    },
    "if_cal": {
        "1": {
            "if_mode_id": 1,
            "gain": 0.0016862246798838244,
            "phase": 0.01079948925279096,
            "temperature": 58.875,
            "timestamp": 1729602852.770354,
            "method": "auto"
        },
        "2": {
            "if_mode_id": 2,
            "gain": 0.001705281424716532,
            "phase": 0.010133660778203473,
            "temperature": 58.9375,
            "timestamp": 1729603134.159702,
            "method": "auto"
        },
        "3": {
            "if_mode_id": 2,
            "gain": 0.0016239262530671106,
            "phase": 0.010160570773399729,
            "temperature": 58.875,
            "timestamp": 1729603430.7584808,
            "method": "auto"
        },
        "4": {
            "if_mode_id": 1,
            "gain": 0.0017848856187641057,
            "phase": 0.011092705048179718,
            "temperature": 58.8125,
            "timestamp": 1729605861.02679,
            "method": "auto"
        },
        "5": {
            "if_mode_id": 1,
            "gain": 0.0015594060073639503,
            "phase": 0.011758635397991893,
            "temperature": 58.625,
            "timestamp": 1729716541.4666398,
            "method": "auto"
        },
        "6": {
            "if_mode_id": 1,
            "gain": 0.0016445811467155683,
            "phase": 0.011663979619408297,
            "temperature": 58.625,
            "timestamp": 1729716669.249461,
            "method": "auto"
        },
        "7": {
            "if_mode_id": 1,
            "gain": 0.001646156703182731,
            "phase": 0.01162225341678908,
            "temperature": 58.625,
            "timestamp": 1729716734.3179991,
            "method": "auto"
        },
        "8": {
            "if_mode_id": 1,
            "gain": 0.0017685409216731658,
            "phase": 0.01169488808308982,
            "temperature": 58.625,
            "timestamp": 1729716792.334304,
            "method": "auto"
        },
        "9": {
            "if_mode_id": 3,
            "gain": 0.0016401392560080551,
            "phase": 0.011304411249896056,
            "temperature": 59.4375,
            "timestamp": 1730193374.25104,
            "method": "auto"
        }
    }
}