{
    "ds": "./ds.h5",
    "fit_results": {
        "q1": {
            "resonator_frequency": 7154224760.0,
            "min_offset": 0.1144674469904284,
            "offset": -0.08777607824875042,
            "dv_phi0": 0.40448705047835765,
            "m_pH": 0.25563241116796265
        },
        "q2": {
            "resonator_frequency": 7420795564.0,
            "min_offset": 0.09612595968305267,
            "offset": -0.11061594073598051,
            "dv_phi0": 0.41348380083806635,
            "m_pH": 0.2500702561755129
        },
        "q3": {
            "resonator_frequency": 7524257057.0,
            "min_offset": 0.156952586827336,
            "offset": -0.04361307503645598,
            "dv_phi0": 0.401131323727584,
            "m_pH": 0.25777094403682355
        },
        "q4": {
            "resonator_frequency": 7271001199.0,
            "min_offset": 0.10986573596982308,
            "offset": -0.09531888345009851,
            "dv_phi0": 0.41036923883984316,
            "m_pH": 0.25196820378721035
        }
    },
    "figure": "./figure.png",
    "initial_parameters": {
        "qubits": null,
        "num_averages": 10,
        "min_flux_offset_in_v": -0.5,
        "max_flux_offset_in_v": 0.5,
        "num_flux_points": 201,
        "frequency_span_in_mhz": 10,
        "frequency_step_in_mhz": 0.05,
        "flux_point_joint_or_independent": "joint",
        "simulate": false,
        "timeout": 100,
        "input_line_impedance_in_ohm": 50,
        "line_attenuation_in_db": 0,
        "plot_current_mA": true
    }
}