{
    "ds": "./ds.h5",
    "fit_results": {
        "q1": {
            "flux_shift": 0.0013706777605887023,
            "drive_freq": -74175.53646207208,
            "quad_term": -76594204755.07274
        },
        "q2": {
            "flux_shift": 0.009725396825396826,
            "drive_freq": 2833480.1309801284,
            "quad_term": -110139860139.86006
        },
        "q3": {
            "flux_shift": 0.0002336529680365298,
            "drive_freq": -87256.36798819547,
            "quad_term": -80716497125.16585
        },
        "q4": {
            "flux_shift": -0.00014070863812452243,
            "drive_freq": 941764.8517465256,
            "quad_term": -84708830123.13475
        }
    },
    "figure": "./figure.png",
    "initial_parameters": {
        "qubits": null,
        "num_averages": 50,
        "operation": "saturation",
        "operation_amplitude_factor": 0.01,
        "operation_len_in_ns": null,
        "frequency_span_in_mhz": 20,
        "frequency_step_in_mhz": 0.25,
        "min_flux_offset_in_v": -0.01,
        "max_flux_offset_in_v": 0.01,
        "num_flux_points": 21,
        "flux_point_joint_or_independent": "joint",
        "simulate": false,
        "timeout": 100
    }
}