{
    "ds_raw": "./ds_raw.h5",
    "ds_fit": "./ds_fit.h5",
    "fit_results": {
        "qC1": {
            "frequency": 4949532605.083788,
            "fwhm": 2586564.80229201,
            "iw_angle": 5.816042205036993,
            "saturation_amp": 0.15277037849113412,
            "x180_amp": 0.49993989453529064,
            "success": true
        },
        "qC2": {
            "frequency": 5754418550.679531,
            "fwhm": 3216202.243827418,
            "iw_angle": 2.5133236417250444,
            "saturation_amp": 0.08681909230247832,
            "x180_amp": 0.28411481517583337,
            "success": true
        }
    },
    "figures": {
        "amplitude": "./figures.amplitude.png"
    }
}