{
    "ds_raw": "./ds_raw.h5",
    "ds_fit": "./ds_fit.h5",
    "fit_results": {
        "qC1": {
            "success": true,
            "resonator_frequency": 7098563826.0,
            "frequency_shift": 0.0,
            "min_offset": -0.12330682960343453,
            "idle_offset": 0.04575662425217375,
            "dv_phi0": 0.33812690771121656,
            "phi0_current": 16.90634538556083,
            "m_pH": "./arrays.npz#fit_results.qC1.m_pH"
        },
        "qC2": {
            "success": true,
            "resonator_frequency": 7361855338.0,
            "frequency_shift": -100000.0,
            "min_offset": -0.05024647758586723,
            "idle_offset": 0.11954861771442021,
            "dv_phi0": 0.3395901906005749,
            "phi0_current": 16.979509530028743,
            "m_pH": "./arrays.npz#fit_results.qC2.m_pH"
        }
    },
    "figures": {
        "amplitude": "./figures.amplitude.png"
    }
}