{
    "modes": {
        "1": {
            "octave_name": "octave1",
            "octave_channel": 1
        }
    },
    "lo_modes": {
        "1": {
            "mode_id": 1,
            "lo_freq": 5000000000.0,
            "gain": 0.0,
            "latest": 4
        },
        "2": {
            "mode_id": 1,
            "lo_freq": 6000000000.0,
            "gain": 0.0,
            "latest": 5
        }
    },
    "lo_cal": {
        "1": {
            "i0": 0.007234905721140799,
            "q0": 0.0322668647675612,
            "lo_mode_id": 1,
            "dc_gain": 0.00433799657060896,
            "dc_phase": 0.16470739184610644,
            "temperature": 60.5625,
            "timestamp": 1704379007.9150429,
            "method": "auto"
        },
        "2": {
            "i0": 0.007231488775751121,
            "q0": 0.032288616101671844,
            "lo_mode_id": 1,
            "dc_gain": 0.004345785969851246,
            "dc_phase": 0.165016623300272,
            "temperature": 60.5625,
            "timestamp": 1704379291.2847953,
            "method": "auto"
        },
        "3": {
            "i0": 0.007265351322177827,
            "q0": 0.03229316775667948,
            "lo_mode_id": 1,
            "dc_gain": 0.004340112477380975,
            "dc_phase": 0.165056651375159,
            "temperature": 60.5,
            "timestamp": 1704379452.5687065,
            "method": "auto"
        },
        "4": {
            "i0": 0.0072582237177209906,
            "q0": 0.03228582280024925,
            "lo_mode_id": 1,
            "dc_gain": 0.004313772801399107,
            "dc_phase": 0.1650935942974912,
            "temperature": 60.5,
            "timestamp": 1704379491.5263207,
            "method": "auto"
        },
        "5": {
            "i0": 0.001343109132501848,
            "q0": 0.018731408456770383,
            "lo_mode_id": 2,
            "dc_gain": -0.0016883588918348291,
            "dc_phase": -0.02223136881828341,
            "temperature": 60.5625,
            "timestamp": 1704379516.320731,
            "method": "auto"
        }
    },
    "if_modes": {
        "1": {
            "lo_mode_id": 1,
            "if_freq": 5000000.0,
            "latest": 4
        },
        "2": {
            "lo_mode_id": 2,
            "if_freq": 5000000.0,
            "latest": 5
        }
    },
    "if_cal": {
        "1": {
            "if_mode_id": 1,
            "gain": 0.002318961973144604,
            "phase": 0.1738521166619795,
            "temperature": 60.5625,
            "timestamp": 1704379007.9220428,
            "method": "auto"
        },
        "2": {
            "if_mode_id": 1,
            "gain": 0.002426304596549028,
            "phase": 0.17408133948523558,
            "temperature": 60.5625,
            "timestamp": 1704379291.2893732,
            "method": "auto"
        },
        "3": {
            "if_mode_id": 1,
            "gain": 0.002445173329408517,
            "phase": 0.17425378189261528,
            "temperature": 60.5,
            "timestamp": 1704379452.575635,
            "method": "auto"
        },
        "4": {
            "if_mode_id": 1,
            "gain": 0.0023991328301382476,
            "phase": 0.17432507145764697,
            "temperature": 60.5,
            "timestamp": 1704379491.5323315,
            "method": "auto"
        },
        "5": {
            "if_mode_id": 2,
            "gain": -0.0014175560734323925,
            "phase": -0.026318143768017967,
            "temperature": 60.5625,
            "timestamp": 1704379516.3299181,
            "method": "auto"
        }
    }
}