{
    "ds_raw": "./ds_raw.h5",
    "ds_fit": "./ds_fit.h5",
    "fit_results": {
        "q1": {
            "frequency": 5249644238.327381,
            "fwhm": 111709.5820120742,
            "iw_angle": 1.9091823033513948,
            "saturation_amp": 0.35807134248946143,
            "x180_amp": 1.4061428737824087,
            "success": true
        },
        "q2": {
            "frequency": 5122974086.435527,
            "fwhm": 86663.65717859144,
            "iw_angle": 1.6020074902402914,
            "saturation_amp": 0.4615544889545836,
            "x180_amp": 1.8125202396638889,
            "success": true
        },
        "q5": {
            "frequency": 5101058803.66689,
            "fwhm": 248432.44850741577,
            "iw_angle": 3.215828967741258,
            "saturation_amp": 0.16100956312398135,
            "x180_amp": 0.6322830758350021,
            "success": true
        },
        "q6": {
            "frequency": 5070226978.032308,
            "fwhm": 148650.63893163574,
            "iw_angle": 0.37189501430591587,
            "saturation_amp": 0.2690873062334832,
            "x180_amp": 1.056703380546722,
            "success": true
        },
        "q7": {
            "frequency": 5247348942.815296,
            "fwhm": 84625.15623027933,
            "iw_angle": 5.052266120280328,
            "saturation_amp": 0.47267268719898436,
            "x180_amp": 1.8561813020710942,
            "success": true
        },
        "q8": {
            "frequency": 5187617684.522006,
            "fwhm": 222290.0072534376,
            "iw_angle": 3.691766609782034,
            "saturation_amp": 0.17994511086769252,
            "x180_amp": 0.7066427979391796,
            "success": true
        },
        "q9": {
            "frequency": 5190887434.939188,
            "fwhm": 242078.43952717845,
            "iw_angle": 1.1589524619066756,
            "saturation_amp": 0.1652356983055864,
            "x180_amp": 0.648879069884512,
            "success": true
        },
        "q10": {
            "frequency": 5041914405.979651,
            "fwhm": 420747.56669729715,
            "iw_angle": 4.074360425564979,
            "saturation_amp": 0.09506888016960921,
            "x180_amp": 0.3733346194073158,
            "success": true
        },
        "q11": {
            "frequency": 4916013517.564008,
            "fwhm": 517221.33632270264,
            "iw_angle": 4.515285207056657,
            "saturation_amp": 0.07733633009880969,
            "x180_amp": 0.3036990581175197,
            "success": true
        },
        "q12": {
            "frequency": 5221747428.67236,
            "fwhm": 190453.46147984432,
            "iw_angle": 0.7054282711419331,
            "saturation_amp": 0.210025061709016,
            "x180_amp": 0.8247664886684845,
            "success": true
        },
        "q15": {
            "frequency": 5119944939.292789,
            "fwhm": 262075.87419364913,
            "iw_angle": 1.138078008178532,
            "saturation_amp": 0.15262755537140288,
            "x180_amp": 0.5993670083627108,
            "success": true
        },
        "q16": {
            "frequency": 5248925754.297944,
            "fwhm": 67659.66669359642,
            "iw_angle": 1.9586216239592473,
            "saturation_amp": 0.5911941627076588,
            "x180_amp": 2.3216140480094367,
            "success": true
        },
        "q17": {
            "frequency": 5141897029.719221,
            "fwhm": 181301.5306023747,
            "iw_angle": 4.713933495069447,
            "saturation_amp": 0.22062692944234896,
            "x180_amp": 0.8663999259001965,
            "success": true
        },
        "q18": {
            "frequency": 5041963980.585872,
            "fwhm": 78778.00659780583,
            "iw_angle": 0.9092925377322829,
            "saturation_amp": 0.5077559299541111,
            "x180_amp": 1.9939528742006114,
            "success": true
        },
        "q19": {
            "frequency": 5172526964.232829,
            "fwhm": 112467.87738893752,
            "iw_angle": 1.3768681606804338,
            "saturation_amp": 0.35565710786620086,
            "x180_amp": 1.3966621965868116,
            "success": true
        },
        "q20": {
            "frequency": 5091986873.27264,
            "fwhm": 293326.29359827854,
            "iw_angle": 5.116865350094322,
            "saturation_amp": 0.13636690904628385,
            "x180_amp": 0.5355115995656909,
            "success": true
        },
        "q21": {
            "frequency": 5031858429.296175,
            "fwhm": 197860.7906534691,
            "iw_angle": 5.460916980535079,
            "saturation_amp": 0.20216233781282872,
            "x180_amp": 0.793889644131651,
            "success": true
        },
        "q23": {
            "frequency": 5002904251.14583,
            "fwhm": 115214.59557083916,
            "iw_angle": 0.2381214050192474,
            "saturation_amp": 0.34717823555094796,
            "x180_amp": 1.363365742866406,
            "success": true
        },
        "q24": {
            "frequency": 5146253984.440954,
            "fwhm": 89620.62968319486,
            "iw_angle": 3.7254222177364142,
            "saturation_amp": 0.44632580848180053,
            "x180_amp": 1.7527173512924372,
            "success": true
        },
        "q25": {
            "frequency": 5205113565.253511,
            "fwhm": 243050.54638707056,
            "iw_angle": 3.630901188071996,
            "saturation_amp": 0.1645748203186424,
            "x180_amp": 0.6462838080986341,
            "success": true
        },
        "q26": {
            "frequency": 5064818599.589973,
            "fwhm": 106935.56304927939,
            "iw_angle": 5.437098913025036,
            "saturation_amp": 0.3740570382704835,
            "x180_amp": 1.4689185543176337,
            "success": true
        }
    },
    "figures": {
        "amplitude": "./figures.amplitude.png"
    }
}