{
    "ds_raw": "./ds_raw.h5",
    "ds_fit": "./ds_fit.h5",
    "fit_results": {
        "qC1": {
            "success": true,
            "qubit_frequency": 4949532605.083788,
            "frequency_shift": 0.0,
            "idle_offset": 0.0010529400066447263,
            "dv_phi0": 0.07342411478792936,
            "phi0_current": 3.671205739396468,
            "m_pH": "./arrays.npz#fit_results.qC1.m_pH"
        },
        "qC2": {
            "success": true,
            "qubit_frequency": 5754418550.679531,
            "frequency_shift": 0.0,
            "idle_offset": 0.0011749558343789942,
            "dv_phi0": 0.07005674428436882,
            "phi0_current": 3.502837214218441,
            "m_pH": "./arrays.npz#fit_results.qC2.m_pH"
        }
    },
    "figures": {
        "amplitude": "./figures.amplitude.png"
    }
}