{
    "ds_raw": "./ds_raw.h5",
    "ds_fit": "./ds_fit.h5",
    "fit_results": {
        "qC1": {
            "success": true,
            "qubit_frequency": 4950532605.083788,
            "frequency_shift": 1000000.0,
            "idle_offset": 0.0014277958138909652,
            "dv_phi0": 0.07745453834213842,
            "phi0_current": 3.8727269171069207,
            "m_pH": "./arrays.npz#fit_results.qC1.m_pH"
        },
        "qC2": {
            "success": true,
            "qubit_frequency": 5753418550.679531,
            "frequency_shift": -1000000.0,
            "idle_offset": 0.0014722637046961217,
            "dv_phi0": 0.07272407263521286,
            "phi0_current": 3.636203631760643,
            "m_pH": "./arrays.npz#fit_results.qC2.m_pH"
        }
    },
    "figures": {
        "amplitude": "./figures.amplitude.png"
    }
}