{
    "ds_raw": "./ds_raw.h5",
    "ds_fit": "./ds_fit.h5",
    "fit_results": {
        "q1": {
            "alpha": -1.1145203284819616,
            "success": true
        },
        "q2": {
            "alpha": -0.5597155242000241,
            "success": false
        },
        "q5": {
            "alpha": -2.7008380324799974,
            "success": true
        },
        "q6": {
            "alpha": 0.8332466584780981,
            "success": true
        },
        "q7": {
            "alpha": -2.3256000000000507,
            "success": true
        },
        "q8": {
            "alpha": -3.131288160000054,
            "success": true
        },
        "q9": {
            "alpha": -1.4249526407424205,
            "success": true
        },
        "q10": {
            "alpha": 2.0057473799999337,
            "success": true
        },
        "q11": {
            "alpha": 0.5869886400000092,
            "success": false
        },
        "q12": {
            "alpha": -2.4465709800000606,
            "success": true
        },
        "q15": {
            "alpha": -2.798879999999982,
            "success": true
        },
        "q16": {
            "alpha": -2.7539999999999836,
            "success": true
        },
        "q17": {
            "alpha": 1.2161441476800159,
            "success": true
        },
        "q18": {
            "alpha": -1.9512926999999698,
            "success": true
        },
        "q19": {
            "alpha": 1.3494599999999826,
            "success": true
        },
        "q20": {
            "alpha": -0.39312000000000413,
            "success": false
        },
        "q21": {
            "alpha": 0.2753999999999886,
            "success": false
        },
        "q23": {
            "alpha": -0.7125148800000001,
            "success": true
        },
        "q24": {
            "alpha": 0.5224999999999809,
            "success": false
        },
        "q25": {
            "alpha": -1.5875999999999844,
            "success": true
        },
        "q26": {
            "alpha": -1.5983615999999852,
            "success": true
        }
    },
    "figures": {
        "amplitude": "./figures.amplitude.png"
    }
}