{
    "ds_raw": "./ds_raw.h5",
    "ds_fit": "./ds_fit.h5",
    "fit_results": {
        "qC1": {
            "success": true,
            "qubit_frequency": 4949532605.083788,
            "frequency_shift": 0.0,
            "idle_offset": 0.001201755524342111,
            "dv_phi0": 0.07407304278461052,
            "phi0_current": 3.703652139230526,
            "m_pH": "./arrays.npz#fit_results.qC1.m_pH"
        },
        "qC2": {
            "success": true,
            "qubit_frequency": 5752418550.679531,
            "frequency_shift": -2000000.0,
            "idle_offset": 0.0059470793259148655,
            "dv_phi0": 0.027811557940172055,
            "phi0_current": 1.3905778970086027,
            "m_pH": "./arrays.npz#fit_results.qC2.m_pH"
        }
    },
    "figures": {
        "amplitude": "./figures.amplitude.png"
    }
}