{
    "modes": {
        "1": {
            "octave_name": "octave1",
            "octave_channel": 1
        },
        "2": {
            "octave_name": "octave1",
            "octave_channel": 2
        },
        "3": {
            "octave_name": "octave1",
            "octave_channel": 3
        }
    },
    "lo_modes": {
        "1": {
            "mode_id": 1,
            "lo_freq": 6200000000,
            "gain": 0.0,
            "latest": 7
        },
        "2": {
            "mode_id": 2,
            "lo_freq": 4700000000,
            "gain": 0.0,
            "latest": 6
        },
        "3": {
            "mode_id": 3,
            "lo_freq": 4700000000,
            "gain": 0.0,
            "latest": 8
        }
    },
    "lo_cal": {
        "1": {
            "i0": -0.0019510408325825069,
            "q0": 0.00499085974654961,
            "lo_mode_id": 1,
            "dc_gain": -0.006177877833805745,
            "dc_phase": -0.06402290639529175,
            "temperature": 59.0,
            "timestamp": 1729587462.2457085,
            "method": "auto"
        },
        "2": {
            "i0": 0.0036564992616710803,
            "q0": 0.018746180230610403,
            "lo_mode_id": 2,
            "dc_gain": 0.001640837527105754,
            "dc_phase": 0.11280242088881932,
            "temperature": 60.25,
            "timestamp": 1729587516.283264,
            "method": "auto"
        },
        "3": {
            "i0": -0.0019455018633033213,
            "q0": 0.005008106897420565,
            "lo_mode_id": 1,
            "dc_gain": -0.006174655494562309,
            "dc_phase": -0.06400688648983559,
            "temperature": 59.0,
            "timestamp": 1729587573.123513,
            "method": "auto"
        },
        "4": {
            "i0": -0.009452119898520364,
            "q0": 0.004396507848103116,
            "lo_mode_id": 3,
            "dc_gain": -0.004780242737366325,
            "dc_phase": 0.15739110050058705,
            "temperature": 59.875,
            "timestamp": 1729587630.3991418,
            "method": "auto"
        },
        "5": {
            "i0": -0.0019474265773722402,
            "q0": 0.0050042214873281645,
            "lo_mode_id": 1,
            "dc_gain": -0.006325389665607695,
            "dc_phase": -0.06397070567938848,
            "temperature": 58.875,
            "timestamp": 1729587689.0636234,
            "method": "auto"
        },
        "6": {
            "i0": 0.003652433793663628,
            "q0": 0.0187549401526778,
            "lo_mode_id": 2,
            "dc_gain": 0.0015119355742503338,
            "dc_phase": 0.11290715042202329,
            "temperature": 60.25,
            "timestamp": 1729587748.4342237,
            "method": "auto"
        },
        "7": {
            "i0": -0.0019345454693061146,
            "q0": 0.0050075896446666835,
            "lo_mode_id": 1,
            "dc_gain": -0.006142591922312257,
            "dc_phase": -0.06396456208635187,
            "temperature": 58.875,
            "timestamp": 1729587805.9180648,
            "method": "auto"
        },
        "8": {
            "i0": -0.009459687658745596,
            "q0": 0.004379157085059558,
            "lo_mode_id": 3,
            "dc_gain": -0.00478506083389818,
            "dc_phase": 0.15745666519754276,
            "temperature": 59.9375,
            "timestamp": 1729587864.803592,
            "method": "auto"
        }
    },
    "if_modes": {
        "1": {
            "lo_mode_id": 1,
            "if_freq": -250000000,
            "latest": 7
        },
        "2": {
            "lo_mode_id": 2,
            "if_freq": -200000000,
            "latest": 6
        },
        "3": {
            "lo_mode_id": 3,
            "if_freq": -200000000,
            "latest": 8
        }
    },
    "if_cal": {
        "1": {
            "if_mode_id": 1,
            "gain": -0.005870433009966385,
            "phase": -0.06574426703053693,
            "temperature": 59.0,
            "timestamp": 1729587462.2690043,
            "method": "auto"
        },
        "2": {
            "if_mode_id": 2,
            "gain": 0.004647187226608396,
            "phase": 0.10390675453569086,
            "temperature": 60.25,
            "timestamp": 1729587516.3108623,
            "method": "auto"
        },
        "3": {
            "if_mode_id": 1,
            "gain": -0.0059049339431162,
            "phase": -0.06607353026102517,
            "temperature": 59.0,
            "timestamp": 1729587573.159293,
            "method": "auto"
        },
        "4": {
            "if_mode_id": 3,
            "gain": -0.007448809045978796,
            "phase": 0.22607896368373823,
            "temperature": 59.875,
            "timestamp": 1729587630.460591,
            "method": "auto"
        },
        "5": {
            "if_mode_id": 1,
            "gain": -0.00590111872263601,
            "phase": -0.06601415029930777,
            "temperature": 58.875,
            "timestamp": 1729587689.137472,
            "method": "auto"
        },
        "6": {
            "if_mode_id": 2,
            "gain": 0.004660791064017095,
            "phase": 0.10363292211939032,
            "temperature": 60.25,
            "timestamp": 1729587748.520392,
            "method": "auto"
        },
        "7": {
            "if_mode_id": 1,
            "gain": -0.005968638011252365,
            "phase": -0.06612153070345658,
            "temperature": 58.875,
            "timestamp": 1729587805.9946356,
            "method": "auto"
        },
        "8": {
            "if_mode_id": 3,
            "gain": -0.0075433645211394635,
            "phase": 0.22596536116296287,
            "temperature": 59.9375,
            "timestamp": 1729587864.8563187,
            "method": "auto"
        }
    }
}