qubit,R_freq,01_freq,12_freq,T1,T2e,RO,1Q,2Q
A,10.033120905,4.602427263158058,4.431427263158057,20.396653350671254,43.14500832358852,96.52499999999999,99.92725753652516,0.928585025020467
B,9.622074765,4.371021303317326,4.198021303317326,28.24191438197564,30.856344082704165,93.375,99.58374392601918,0.9378974976532816
C,9.946188915,4.350932074359476,4.1789320753594765,46.69539186836633,23.719718296319197,96.52499999999999,99.59073036777897,0.9456040603829399
D,9.423681765000001,4.103838361732085,3.926838362732085,38.08148071937655,53.13610193589186,97.475,99.95275796226406,
E,9.748021316,4.511162362587117,4.340162362587117,28.81087969680393,43.14500832358852,95.30000000000001,99.87031999342797,0.9152399706397102
F,9.324661041,4.457212955475641,4.28421295647564,22.31531612692691,30.856344082704165,96.6,99.92736415661031,0.8440165100703768
G,9.841750000000001,4.515287747487428,4.344287747487428,16.74946406930486,23.719718296319197,91.475,99.81075662380594,0.9224143534170994
H,9.517800000000001,4.319099208602373,4.144099208602373,31.62026715624944,44.04241921585198,96.7,99.93846079436318,
