{
    "figure": "./figure.png",
    "fit_results": {
        "q2": {
            "fir": [
                0.030834483600174947,
                -0.025970734077073482,
                0.00196687105476032,
                -0.0020071711123620696,
                0.0022102301263260144,
                0.00047848869697234703,
                -0.01108773189987199,
                0.00459888682790352,
                0.00589899203496671,
                0.001736284459876336,
                -0.0034472911985994163,
                0.005770767072100884,
                -0.014610422813661504,
                0.00742339013724938,
                -0.0010818883241722546,
                -0.0076252540540394384,
                0.006168782195870373,
                0.0008926484429215479,
                0.002415385429144619,
                0.0007346548373977479,
                -0.0013808361607203215,
                -0.011602183793872432,
                0.014808096719241924,
                -0.010269386142429332,
                -0.004461155157111242,
                0.011474543364053447,
                -0.0010423051866807176,
                -0.00860380147984233,
                0.011689504324043259,
                -0.00460600727862363
            ],
            "iir": [
                0.9901509122487285,
                0.7345727509922977
            ]
        }
    },
    "initial_parameters": {
        "qubits": [
            "q2"
        ],
        "num_averages": 10,
        "amplitude_factor": 0.5,
        "cryoscope_len": 240,
        "reset_type_active_or_thermal": "active",
        "flux_point_joint_or_independent": "independent",
        "simulate": false,
        "timeout": 100,
        "reset_filters": false
    }
}