{
    "ds": "./ds.h5",
    "fit_results": {
        "q1": {
            "flux_shift": 0.004582319208544916,
            "drive_freq": -70982.87983348873,
            "quad_term": -75249690357.60393
        },
        "q2": {
            "flux_shift": -0.005102702946617935,
            "drive_freq": -3296541.486691432,
            "quad_term": 19181897814.26253
        },
        "q3": {
            "flux_shift": 0.007259259259259258,
            "drive_freq": -65240.31524031516,
            "quad_term": -80919080919.08093
        },
        "q4": {
            "flux_shift": 0.004784306292645899,
            "drive_freq": -768779.2203166371,
            "quad_term": -71000894395.12425
        }
    },
    "figure": "./figure.png",
    "initial_parameters": {
        "qubits": null,
        "num_averages": 50,
        "operation": "saturation",
        "operation_amplitude_factor": 0.01,
        "operation_len_in_ns": null,
        "frequency_span_in_mhz": 20,
        "frequency_step_in_mhz": 0.25,
        "min_flux_offset_in_v": -0.01,
        "max_flux_offset_in_v": 0.01,
        "num_flux_points": 21,
        "flux_point_joint_or_independent": "joint",
        "simulate": false,
        "timeout": 100
    }
}